origin_lat,origin_lon,dest_lat,dest_lon,predicted_eta,real_eta,distance_km,departure_hour,day_of_week,congestion_index,temp,rain,start_time,end_time
3.065,101.6009,3.1579,101.7113,33.017841796190524,34.083333333333336,23.945688062812334,21,6,1.3978127136021874,30.32,0,2025-08-24T21:36:21.694619+08:00,2025-08-24T21:36:21.694619+08:00
3.065,101.6009,3.1579,101.7113,32.59787112148817,35.36666666666667,25.89445277593923,21,6,1.286840509399636,30.32,0,2025-08-24T21:36:21.694619+08:00,2025-08-24T21:36:21.694619+08:00
3.065,101.6009,3.1579,101.7113,33.54985789815785,41.4,24.37661832360678,21,6,1.401805869074492,30.32,0,2025-08-24T21:36:21.694619+08:00,2025-08-24T21:36:21.694619+08:00
3.065,101.6009,3.1579,101.7113,30.59217251264688,32.9,23.945688062812334,21,6,1.3492822966507176,30.32,0,2025-08-24T21:36:22.259011+08:00,2025-08-24T21:36:22.261668+08:00
3.065,101.6009,3.1579,101.7113,28.998311499310454,32.93333333333333,25.89445277593923,21,6,1.198302001212856,30.32,0,2025-08-24T21:36:22.261030+08:00,2025-08-24T21:36:22.261668+08:00
3.065,101.6009,3.1579,101.7113,30.590309278574857,32.916666666666664,23.93525181678932,21,6,1.349965823650034,30.32,0,2025-08-24T21:36:22.261668+08:00,2025-08-24T21:36:22.265020+08:00
3.065,101.6009,3.1579,101.7113,30.935929310329083,30.033333333333335,23.945688062812334,21,6,1.2317156527682844,30.32,0,2025-08-24T21:36:22.540837+08:00,2025-08-24T21:36:22.540837+08:00
3.065,101.6009,3.1579,101.7113,31.62253090073174,32.166666666666664,25.89445277593923,21,6,1.1704063068526378,30.32,0,2025-08-24T21:36:22.540837+08:00,2025-08-24T21:36:22.540837+08:00
3.065,101.6009,3.1579,101.7113,30.74914951245927,35.28333333333333,24.37661832360678,21,6,1.1946952595936793,30.32,0,2025-08-24T21:36:22.540837+08:00,2025-08-24T21:36:22.555752+08:00
3.065,101.6009,3.1579,101.7113,24.75221892770933,26.8,23.93525181678932,21,6,1.0991114149008887,30.32,0,2025-08-24T21:36:22.906352+08:00,2025-08-24T21:36:22.912940+08:00
3.065,101.6009,3.1579,101.7113,25.51423014601887,29.55,25.89445277593923,21,6,1.0751970891449363,30.32,0,2025-08-24T21:36:22.912940+08:00,2025-08-24T21:36:22.914953+08:00
3.065,101.6009,3.1579,101.7113,24.022530689924093,31.583333333333332,24.37661832360678,21,6,1.0694130925507899,30.32,0,2025-08-24T21:36:22.912940+08:00,2025-08-24T21:36:22.914953+08:00
3.065,101.6009,3.1579,101.7113,32.389819829236366,29.583333333333332,23.945688062812334,21,6,1.2132604237867395,30.32,0,2025-08-24T21:36:23.211276+08:00,2025-08-24T21:36:23.211276+08:00
3.065,101.6009,3.1579,101.7113,32.691197172326035,31.783333333333335,25.89445277593923,21,6,1.156458459672529,30.32,0,2025-08-24T21:36:23.211276+08:00,2025-08-24T21:36:23.211276+08:00
3.065,101.6009,3.1579,101.7113,29.95464535402445,33.416666666666664,24.37661832360678,21,6,1.1314898419864559,30.32,0,2025-08-24T21:36:23.211276+08:00,2025-08-24T21:36:23.211276+08:00
3.065,101.6009,3.1579,101.7113,27.805898835672252,27.75,23.945688062812334,21,6,1.1380724538619276,30.32,0,2025-08-24T21:36:23.530842+08:00,2025-08-24T21:36:23.530842+08:00
3.065,101.6009,3.1579,101.7113,28.226884552953745,30.35,25.89445277593923,21,6,1.104305639781686,30.32,0,2025-08-24T21:36:23.530842+08:00,2025-08-24T21:36:23.530842+08:00
3.065,101.6009,3.1579,101.7113,26.56945087396643,32.43333333333333,24.37661832360678,21,6,1.0981941309255077,30.32,0,2025-08-24T21:36:23.530842+08:00,2025-08-24T21:36:23.530842+08:00
3.065,101.6009,3.1579,101.7113,33.01805987880953,50.733333333333334,23.945688062812334,21,6,2.0806561859193438,30.32,0,2025-08-24T21:36:23.825849+08:00,2025-08-24T21:36:23.825849+08:00
3.065,101.6009,3.1579,101.7113,38.15650901000705,50.8,25.89445277593923,21,6,1.848392965433596,30.32,0,2025-08-24T21:36:23.825849+08:00,2025-08-24T21:36:23.825849+08:00
3.065,101.6009,3.1579,101.7113,32.54823898260981,51.4,23.93525181678932,21,6,2.1079972658920028,30.32,0,2025-08-24T21:36:23.825849+08:00,2025-08-24T21:36:23.830608+08:00
3.065,101.6009,3.1579,101.7113,17.007550669651717,22.066666666666666,23.93525181678932,21,6,0.9049897470950102,30.32,0,2025-08-24T21:36:24.123926+08:00,2025-08-24T21:36:24.123926+08:00
3.065,101.6009,3.1579,101.7113,18.90967876206484,25.45,25.89445277593923,21,6,0.9260157671315948,30.32,0,2025-08-24T21:36:24.123926+08:00,2025-08-24T21:36:24.128305+08:00
3.065,101.6009,3.1579,101.7113,18.054355493711288,27.55,24.37661832360678,21,6,0.932844243792325,30.32,0,2025-08-24T21:36:24.123926+08:00,2025-08-24T21:36:24.128305+08:00
3.065,101.6009,3.0732,101.6076,6.168997475259207,9.966666666666667,2.8476705743744413,21,6,1.0952380952380953,30.32,0,2025-08-24T21:36:24.288462+08:00,2025-08-24T21:36:24.288462+08:00
3.065,101.6009,3.0732,101.6076,6.163873848238401,10.016666666666667,2.837161770204454,21,6,1.1007326007326008,30.32,0,2025-08-24T21:36:24.288462+08:00,2025-08-24T21:36:24.294200+08:00
3.065,101.6009,3.0732,101.6076,6.867646468418859,10.45,3.7256812874983036,21,6,0.9646153846153845,30.32,0,2025-08-24T21:36:24.288462+08:00,2025-08-24T21:36:24.294200+08:00
3.065,101.6009,3.0732,101.6076,5.371391253678254,9.3,2.837161770204454,21,6,1.0219780219780221,30.32,0,2025-08-24T21:36:24.413720+08:00,2025-08-24T21:36:24.414719+08:00
3.065,101.6009,3.0732,101.6076,5.387311919477244,9.3,2.8476705743744413,21,6,1.0219780219780221,30.32,0,2025-08-24T21:36:24.414719+08:00,2025-08-24T21:36:24.414719+08:00
3.065,101.6009,3.0732,101.6076,8.95351315514896,11.2,2.8476705743744413,21,6,1.2307692307692308,30.32,0,2025-08-24T21:36:24.561554+08:00,2025-08-24T21:36:24.563114+08:00
3.065,101.6009,3.0732,101.6076,9.013919671324894,11.366666666666667,2.837161770204454,21,6,1.249084249084249,30.32,0,2025-08-24T21:36:24.563114+08:00,2025-08-24T21:36:24.563114+08:00
3.065,101.6009,3.0732,101.6076,14.272772881737497,12.566666666666666,5.554907466351381,21,6,1.3113043478260868,30.32,0,2025-08-24T21:36:24.563114+08:00,2025-08-24T21:36:24.566541+08:00
3.065,101.6009,3.0732,101.6076,8.060601183112178,10.416666666666666,2.837161770204454,21,6,1.1446886446886446,30.32,0,2025-08-24T21:36:24.715517+08:00,2025-08-24T21:36:24.717529+08:00
3.065,101.6009,3.0732,101.6076,8.08178268506111,10.416666666666666,2.8476705743744413,21,6,1.1446886446886446,30.32,0,2025-08-24T21:36:24.715517+08:00,2025-08-24T21:36:24.717529+08:00
3.065,101.6009,3.0732,101.6076,11.957954088990817,10.433333333333334,5.554907466351381,21,6,1.088695652173913,30.32,0,2025-08-24T21:36:24.715517+08:00,2025-08-24T21:36:24.719536+08:00
3.065,101.6009,3.0732,101.6076,13.823116122112719,10.65,5.554907466351381,21,6,1.111304347826087,30.32,0,2025-08-24T21:36:24.889533+08:00,2025-08-24T21:36:24.889533+08:00
3.065,101.6009,3.0732,101.6076,10.060031472547415,12.066666666666666,2.8476705743744413,21,6,1.326007326007326,30.32,0,2025-08-24T21:36:24.889533+08:00,2025-08-24T21:36:24.893182+08:00
3.065,101.6009,3.0732,101.6076,10.157655466908471,12.3,2.837161770204454,21,6,1.3516483516483517,30.32,0,2025-08-24T21:36:24.889533+08:00,2025-08-24T21:36:24.893182+08:00
3.065,101.6009,3.0732,101.6076,9.446143209519866,11.05,2.8476705743744413,21,6,1.2142857142857144,30.32,0,2025-08-24T21:36:25.046267+08:00,2025-08-24T21:36:25.046267+08:00
3.065,101.6009,3.0732,101.6076,9.46045146287147,11.116666666666667,2.837161770204454,21,6,1.2216117216117217,30.32,0,2025-08-24T21:36:25.046267+08:00,2025-08-24T21:36:25.046267+08:00
3.065,101.6009,3.0732,101.6076,13.620853069501916,10.266666666666667,5.554907466351381,21,6,1.071304347826087,30.32,0,2025-08-24T21:36:25.046267+08:00,2025-08-24T21:36:25.046267+08:00
3.065,101.6009,3.0732,101.6076,13.191253454038629,13.25,2.8476705743744413,21,6,1.4560439560439562,30.32,0,2025-08-24T21:36:25.172911+08:00,2025-08-24T21:36:25.174924+08:00
3.065,101.6009,3.0732,101.6076,13.520066533059195,13.55,2.837161770204454,21,6,1.489010989010989,30.32,0,2025-08-24T21:36:25.174924+08:00,2025-08-24T21:36:25.179955+08:00
3.065,101.6009,3.0732,101.6076,3.269786890667521,6.933333333333334,2.837161770204454,21,6,0.761904761904762,30.32,0,2025-08-24T21:36:25.411454+08:00,2025-08-24T21:36:25.413186+08:00
3.065,101.6009,3.0732,101.6076,3.295752276226308,7.033333333333333,2.8476705743744413,21,6,0.7728937728937729,30.32,0,2025-08-24T21:36:25.413186+08:00,2025-08-24T21:36:25.416546+08:00
3.065,101.6009,3.0732,101.6076,5.807955190274739,7.933333333333334,5.554907466351381,21,6,0.8278260869565217,30.32,0,2025-08-24T21:36:25.413186+08:00,2025-08-24T21:36:25.416546+08:00
3.065,101.6009,3.1579,101.7113,33.017841796190524,34.083333333333336,23.945688062812334,21,6,1.3978127136021874,30.32,0,2025-08-24T21:42:39.446864+08:00,2025-08-24T21:42:39.448602+08:00
3.065,101.6009,3.1579,101.7113,32.59787112148817,35.36666666666667,25.89445277593923,21,6,1.286840509399636,30.32,0,2025-08-24T21:42:39.448602+08:00,2025-08-24T21:42:39.451543+08:00
3.065,101.6009,3.1579,101.7113,33.54985789815785,41.4,24.37661832360678,21,6,1.401805869074492,30.32,0,2025-08-24T21:42:39.448602+08:00,2025-08-24T21:42:39.451543+08:00
3.065,101.6009,3.1579,101.7113,30.59217251264688,32.9,23.945688062812334,21,6,1.3492822966507176,30.32,0,2025-08-24T21:42:39.757058+08:00,2025-08-24T21:42:39.757058+08:00
3.065,101.6009,3.1579,101.7113,28.998311499310454,32.93333333333333,25.89445277593923,21,6,1.198302001212856,30.32,0,2025-08-24T21:42:39.757058+08:00,2025-08-24T21:42:39.763980+08:00
3.065,101.6009,3.1579,101.7113,30.590309278574857,32.916666666666664,23.93525181678932,21,6,1.349965823650034,30.32,0,2025-08-24T21:42:39.757058+08:00,2025-08-24T21:42:39.763980+08:00
3.065,101.6009,3.1579,101.7113,30.935929310329083,30.033333333333335,23.945688062812334,21,6,1.2317156527682844,30.32,0,2025-08-24T21:42:40.051258+08:00,2025-08-24T21:42:40.051258+08:00
3.065,101.6009,3.1579,101.7113,31.62253090073174,32.166666666666664,25.89445277593923,21,6,1.1704063068526378,30.32,0,2025-08-24T21:42:40.051258+08:00,2025-08-24T21:42:40.051258+08:00
3.065,101.6009,3.1579,101.7113,30.74914951245927,35.28333333333333,24.37661832360678,21,6,1.1946952595936793,30.32,0,2025-08-24T21:42:40.051258+08:00,2025-08-24T21:42:40.055665+08:00
3.065,101.6009,3.1579,101.7113,24.75221892770933,26.8,23.93525181678932,21,6,1.0991114149008887,30.32,0,2025-08-24T21:42:40.342558+08:00,2025-08-24T21:42:40.344574+08:00
3.065,101.6009,3.1579,101.7113,25.51423014601887,29.55,25.89445277593923,21,6,1.0751970891449363,30.32,0,2025-08-24T21:42:40.342558+08:00,2025-08-24T21:42:40.346330+08:00
3.065,101.6009,3.1579,101.7113,24.022530689924093,31.583333333333332,24.37661832360678,21,6,1.0694130925507899,30.32,0,2025-08-24T21:42:40.344574+08:00,2025-08-24T21:42:40.348340+08:00
3.065,101.6009,3.1579,101.7113,32.389819829236366,29.583333333333332,23.945688062812334,21,6,1.2132604237867395,30.32,0,2025-08-24T21:42:40.586850+08:00,2025-08-24T21:42:40.586850+08:00
3.065,101.6009,3.1579,101.7113,32.691197172326035,31.783333333333335,25.89445277593923,21,6,1.156458459672529,30.32,0,2025-08-24T21:42:40.586850+08:00,2025-08-24T21:42:40.590897+08:00
3.065,101.6009,3.1579,101.7113,29.95464535402445,33.416666666666664,24.37661832360678,21,6,1.1314898419864559,30.32,0,2025-08-24T21:42:40.586850+08:00,2025-08-24T21:42:40.590897+08:00
3.065,101.6009,3.1579,101.7113,27.805898835672252,27.75,23.945688062812334,21,6,1.1380724538619276,30.32,0,2025-08-24T21:42:40.840655+08:00,2025-08-24T21:42:40.840655+08:00
3.065,101.6009,3.1579,101.7113,28.226884552953745,30.35,25.89445277593923,21,6,1.104305639781686,30.32,0,2025-08-24T21:42:40.840655+08:00,2025-08-24T21:42:40.840655+08:00
3.065,101.6009,3.1579,101.7113,26.56945087396643,32.43333333333333,24.37661832360678,21,6,1.0981941309255077,30.32,0,2025-08-24T21:42:40.840655+08:00,2025-08-24T21:42:40.840655+08:00
3.065,101.6009,3.1579,101.7113,33.01805987880953,50.733333333333334,23.945688062812334,21,6,2.0806561859193438,30.32,0,2025-08-24T21:42:41.135189+08:00,2025-08-24T21:42:41.135189+08:00
3.065,101.6009,3.1579,101.7113,38.15650901000705,50.8,25.89445277593923,21,6,1.848392965433596,30.32,0,2025-08-24T21:42:41.135189+08:00,2025-08-24T21:42:41.135189+08:00
3.065,101.6009,3.1579,101.7113,32.54823898260981,51.4,23.93525181678932,21,6,2.1079972658920028,30.32,0,2025-08-24T21:42:41.135189+08:00,2025-08-24T21:42:41.141025+08:00
3.065,101.6009,3.1579,101.7113,17.007550669651717,22.066666666666666,23.93525181678932,21,6,0.9049897470950102,30.32,0,2025-08-24T21:42:41.444534+08:00,2025-08-24T21:42:41.444534+08:00
3.065,101.6009,3.1579,101.7113,18.90967876206484,25.45,25.89445277593923,21,6,0.9260157671315948,30.32,0,2025-08-24T21:42:41.444534+08:00,2025-08-24T21:42:41.444534+08:00
3.065,101.6009,3.1579,101.7113,18.054355493711288,27.55,24.37661832360678,21,6,0.932844243792325,30.32,0,2025-08-24T21:42:41.444534+08:00,2025-08-24T21:42:41.444534+08:00
3.065,101.6009,3.0732,101.6076,6.168997475259207,9.966666666666667,2.8476705743744413,21,6,1.0952380952380953,30.32,0,2025-08-24T21:42:41.650761+08:00,2025-08-24T21:42:41.650761+08:00
3.065,101.6009,3.0732,101.6076,6.163873848238401,10.016666666666667,2.837161770204454,21,6,1.1007326007326008,30.32,0,2025-08-24T21:42:41.650761+08:00,2025-08-24T21:42:41.650761+08:00
3.065,101.6009,3.0732,101.6076,6.867646468418859,10.45,3.7256812874983036,21,6,0.9646153846153845,30.32,0,2025-08-24T21:42:41.650761+08:00,2025-08-24T21:42:41.657429+08:00
3.065,101.6009,3.0732,101.6076,5.371391253678254,9.3,2.837161770204454,21,6,1.0219780219780221,30.32,0,2025-08-24T21:42:41.774914+08:00,2025-08-24T21:42:41.776924+08:00
3.065,101.6009,3.0732,101.6076,5.387311919477244,9.3,2.8476705743744413,21,6,1.0219780219780221,30.32,0,2025-08-24T21:42:41.774914+08:00,2025-08-24T21:42:41.776924+08:00
3.065,101.6009,3.0732,101.6076,8.95351315514896,11.2,2.8476705743744413,21,6,1.2307692307692308,30.32,0,2025-08-24T21:42:41.912343+08:00,2025-08-24T21:42:41.924262+08:00
3.065,101.6009,3.0732,101.6076,9.013919671324894,11.366666666666667,2.837161770204454,21,6,1.249084249084249,30.32,0,2025-08-24T21:42:41.912343+08:00,2025-08-24T21:42:41.925651+08:00
3.065,101.6009,3.0732,101.6076,14.272772881737497,12.566666666666666,5.554907466351381,21,6,1.3113043478260868,30.32,0,2025-08-24T21:42:41.912343+08:00,2025-08-24T21:42:41.925651+08:00
3.065,101.6009,3.0732,101.6076,8.060601183112178,10.416666666666666,2.837161770204454,21,6,1.1446886446886446,30.32,0,2025-08-24T21:42:42.076325+08:00,2025-08-24T21:42:42.079356+08:00
3.065,101.6009,3.0732,101.6076,8.08178268506111,10.416666666666666,2.8476705743744413,21,6,1.1446886446886446,30.32,0,2025-08-24T21:42:42.076325+08:00,2025-08-24T21:42:42.081373+08:00
3.065,101.6009,3.0732,101.6076,9.242990762002604,11.316666666666666,3.7256812874983036,21,6,1.0446153846153845,30.32,0,2025-08-24T21:42:42.078342+08:00,2025-08-24T21:42:42.083385+08:00
3.065,101.6009,3.0732,101.6076,13.823116122112719,10.65,5.554907466351381,21,6,1.111304347826087,30.32,0,2025-08-24T21:42:42.253386+08:00,2025-08-24T21:42:42.253386+08:00
3.065,101.6009,3.0732,101.6076,10.060031472547415,12.066666666666666,2.8476705743744413,21,6,1.326007326007326,30.32,0,2025-08-24T21:42:42.253386+08:00,2025-08-24T21:42:42.253386+08:00
3.065,101.6009,3.0732,101.6076,10.157655466908471,12.3,2.837161770204454,21,6,1.3516483516483517,30.32,0,2025-08-24T21:42:42.253386+08:00,2025-08-24T21:42:42.258402+08:00
3.065,101.6009,3.0732,101.6076,9.446143209519866,11.05,2.8476705743744413,21,6,1.2142857142857144,30.32,0,2025-08-24T21:42:42.402009+08:00,2025-08-24T21:42:42.402009+08:00
3.065,101.6009,3.0732,101.6076,9.46045146287147,11.116666666666667,2.837161770204454,21,6,1.2216117216117217,30.32,0,2025-08-24T21:42:42.402009+08:00,2025-08-24T21:42:42.402009+08:00
3.065,101.6009,3.0732,101.6076,13.620853069501916,10.266666666666667,5.554907466351381,21,6,1.071304347826087,30.32,0,2025-08-24T21:42:42.402009+08:00,2025-08-24T21:42:42.402009+08:00
3.065,101.6009,3.0732,101.6076,13.191253454038629,13.25,2.8476705743744413,21,6,1.4560439560439562,30.32,0,2025-08-24T21:42:42.543829+08:00,2025-08-24T21:42:42.543829+08:00
3.065,101.6009,3.0732,101.6076,13.520066533059195,13.55,2.837161770204454,21,6,1.489010989010989,30.32,0,2025-08-24T21:42:42.543829+08:00,2025-08-24T21:42:42.556396+08:00
3.065,101.6009,3.0732,101.6076,3.269786890667521,6.933333333333334,2.837161770204454,21,6,0.761904761904762,30.32,0,2025-08-24T21:42:42.727455+08:00,2025-08-24T21:42:42.728969+08:00
3.065,101.6009,3.0732,101.6076,3.295752276226308,7.033333333333333,2.8476705743744413,21,6,0.7728937728937729,30.32,0,2025-08-24T21:42:42.727455+08:00,2025-08-24T21:42:42.728969+08:00
3.065,101.6009,3.0732,101.6076,5.807955190274739,7.933333333333334,5.554907466351381,21,6,0.8278260869565217,30.32,0,2025-08-24T21:42:42.727455+08:00,2025-08-24T21:42:42.731807+08:00
3.065,101.6009,3.1579,101.7113,30.665671504505585,34.083333333333336,23.945688062812334,21,6,1.3978127136021874,30.34,0,2025-08-24T21:54:42.612720+08:00,2025-08-24T21:54:42.612720+08:00
3.065,101.6009,3.1579,101.7113,31.978423708216475,35.36666666666667,25.89445277593923,21,6,1.286840509399636,30.34,0,2025-08-24T21:54:42.612720+08:00,2025-08-24T21:54:42.612720+08:00
3.065,101.6009,3.1579,101.7113,31.087651751470297,41.4,24.37661832360678,21,6,1.401805869074492,30.34,0,2025-08-24T21:54:42.612720+08:00,2025-08-24T21:54:42.615358+08:00
3.065,101.6009,3.1579,101.7113,29.933478590798273,32.9,23.945688062812334,21,6,1.3492822966507176,30.34,0,2025-08-24T21:54:42.878821+08:00,2025-08-24T21:54:42.878821+08:00
3.065,101.6009,3.1579,101.7113,31.632236364826724,32.93333333333333,25.89445277593923,21,6,1.198302001212856,30.34,0,2025-08-24T21:54:42.878821+08:00,2025-08-24T21:54:42.878821+08:00
3.065,101.6009,3.1579,101.7113,29.922467592346234,32.916666666666664,23.93525181678932,21,6,1.349965823650034,30.34,0,2025-08-24T21:54:42.878821+08:00,2025-08-24T21:54:42.886330+08:00
3.065,101.6009,3.1579,101.7113,32.092484956994596,30.033333333333335,23.945688062812334,21,6,1.2317156527682844,30.34,0,2025-08-24T21:54:43.171233+08:00,2025-08-24T21:54:43.173363+08:00
3.065,101.6009,3.1579,101.7113,33.17801576913714,32.166666666666664,25.89445277593923,21,6,1.1704063068526378,30.34,0,2025-08-24T21:54:43.171233+08:00,2025-08-24T21:54:43.175825+08:00
3.065,101.6009,3.1579,101.7113,32.01062908091539,35.28333333333333,24.37661832360678,21,6,1.1946952595936793,30.34,0,2025-08-24T21:54:43.173363+08:00,2025-08-24T21:54:43.176334+08:00
3.065,101.6009,3.1579,101.7113,29.48942549915242,26.8,23.93525181678932,21,6,1.0991114149008887,30.34,0,2025-08-24T21:54:43.438992+08:00,2025-08-24T21:54:43.438992+08:00
3.065,101.6009,3.1579,101.7113,29.983031371758024,29.55,25.89445277593923,21,6,1.0751970891449363,30.34,0,2025-08-24T21:54:43.438992+08:00,2025-08-24T21:54:43.438992+08:00
3.065,101.6009,3.1579,101.7113,28.810691764992963,31.583333333333332,24.37661832360678,21,6,1.0694130925507899,30.34,0,2025-08-24T21:54:43.438992+08:00,2025-08-24T21:54:43.438992+08:00
3.065,101.6009,3.1579,101.7113,33.04328378248676,29.583333333333332,23.945688062812334,21,6,1.2132604237867395,30.34,0,2025-08-24T21:54:43.737278+08:00,2025-08-24T21:54:43.737278+08:00
3.065,101.6009,3.1579,101.7113,34.224999260743395,31.783333333333335,25.89445277593923,21,6,1.156458459672529,30.34,0,2025-08-24T21:54:43.737278+08:00,2025-08-24T21:54:43.740172+08:00
3.065,101.6009,3.1579,101.7113,32.114423891567554,33.416666666666664,24.37661832360678,21,6,1.1314898419864559,30.34,0,2025-08-24T21:54:43.737278+08:00,2025-08-24T21:54:43.740172+08:00
3.065,101.6009,3.1579,101.7113,31.79832857656414,27.75,23.945688062812334,21,6,1.1380724538619276,30.34,0,2025-08-24T21:54:44.038192+08:00,2025-08-24T21:54:44.039241+08:00
3.065,101.6009,3.1579,101.7113,32.24849043381524,30.35,25.89445277593923,21,6,1.104305639781686,30.34,0,2025-08-24T21:54:44.038192+08:00,2025-08-24T21:54:44.039241+08:00
3.065,101.6009,3.1579,101.7113,30.950807669675076,32.43333333333333,24.37661832360678,21,6,1.0981941309255077,30.34,0,2025-08-24T21:54:44.038192+08:00,2025-08-24T21:54:44.039241+08:00
3.065,101.6009,3.1579,101.7113,42.764313658885634,50.733333333333334,23.945688062812334,21,6,2.0806561859193438,30.34,0,2025-08-24T21:54:44.378750+08:00,2025-08-24T21:54:44.378750+08:00
3.065,101.6009,3.1579,101.7113,42.5128740872206,50.8,25.89445277593923,21,6,1.848392965433596,30.34,0,2025-08-24T21:54:44.378750+08:00,2025-08-24T21:54:44.380760+08:00
3.065,101.6009,3.1579,101.7113,42.6608662621355,51.4,23.93525181678932,21,6,2.1079972658920028,30.34,0,2025-08-24T21:54:44.378750+08:00,2025-08-24T21:54:44.381265+08:00
3.065,101.6009,3.1579,101.7113,22.574409212989693,22.066666666666666,23.93525181678932,21,6,0.9049897470950102,30.34,0,2025-08-24T21:54:44.622732+08:00,2025-08-24T21:54:44.626756+08:00
3.065,101.6009,3.1579,101.7113,24.674465672014378,25.45,25.89445277593923,21,6,0.9260157671315948,30.34,0,2025-08-24T21:54:44.624747+08:00,2025-08-24T21:54:44.628778+08:00
3.065,101.6009,3.1579,101.7113,23.606198668403003,27.55,24.37661832360678,21,6,0.932844243792325,30.34,0,2025-08-24T21:54:44.624747+08:00,2025-08-24T21:54:44.628778+08:00
3.065,101.6009,3.0732,101.6076,7.081176128781712,9.966666666666667,2.8476705743744413,21,6,1.0952380952380953,30.34,0,2025-08-24T21:54:44.792456+08:00,2025-08-24T21:54:44.794470+08:00
3.065,101.6009,3.0732,101.6076,7.09720904212837,10.016666666666667,2.837161770204454,21,6,1.1007326007326008,30.34,0,2025-08-24T21:54:44.792456+08:00,2025-08-24T21:54:44.794470+08:00
3.065,101.6009,3.0732,101.6076,7.64329616950848,10.45,3.7256812874983036,21,6,0.9646153846153845,30.34,0,2025-08-24T21:54:44.794470+08:00,2025-08-24T21:54:44.797597+08:00
3.065,101.6009,3.0732,101.6076,6.944637978889495,9.3,2.837161770204454,21,6,1.0219780219780221,30.34,0,2025-08-24T21:54:44.968492+08:00,2025-08-24T21:54:44.970513+08:00
3.065,101.6009,3.0732,101.6076,6.956917306799362,9.3,2.8476705743744413,21,6,1.0219780219780221,30.34,0,2025-08-24T21:54:44.968492+08:00,2025-08-24T21:54:44.970513+08:00
3.065,101.6009,3.0732,101.6076,7.717483214539236,10.466666666666667,3.7256812874983036,21,6,0.9661538461538461,30.34,0,2025-08-24T21:54:44.970513+08:00,2025-08-24T21:54:44.970513+08:00
3.065,101.6009,3.0732,101.6076,8.886177255985467,11.2,2.8476705743744413,21,6,1.2307692307692308,30.34,0,2025-08-24T21:54:45.190468+08:00,2025-08-24T21:54:45.190468+08:00
3.065,101.6009,3.0732,101.6076,8.958433303386757,11.366666666666667,2.837161770204454,21,6,1.249084249084249,30.34,0,2025-08-24T21:54:45.190468+08:00,2025-08-24T21:54:45.190468+08:00
3.065,101.6009,3.0732,101.6076,9.73275302990704,11.716666666666667,3.7256812874983036,21,6,1.0815384615384616,30.34,0,2025-08-24T21:54:45.190468+08:00,2025-08-24T21:54:45.190468+08:00
3.065,101.6009,3.0732,101.6076,9.045137890322932,10.416666666666666,2.837161770204454,21,6,1.1446886446886446,30.34,0,2025-08-24T21:54:45.354683+08:00,2025-08-24T21:54:45.370367+08:00
3.065,101.6009,3.0732,101.6076,9.063186479830016,10.416666666666666,2.8476705743744413,21,6,1.1446886446886446,30.34,0,2025-08-24T21:54:45.354683+08:00,2025-08-24T21:54:45.370367+08:00
3.065,101.6009,3.0732,101.6076,9.68670927902363,11.316666666666666,3.7256812874983036,21,6,1.0446153846153845,30.34,0,2025-08-24T21:54:45.354683+08:00,2025-08-24T21:54:45.372382+08:00
3.065,101.6009,3.0732,101.6076,13.957337169966268,10.65,5.554907466351381,21,6,1.111304347826087,30.34,0,2025-08-24T21:54:45.548248+08:00,2025-08-24T21:54:45.549714+08:00
3.065,101.6009,3.0732,101.6076,10.505979722948885,12.066666666666666,2.8476705743744413,21,6,1.326007326007326,30.34,0,2025-08-24T21:54:45.548248+08:00,2025-08-24T21:54:45.551266+08:00
3.065,101.6009,3.0732,101.6076,10.616958903936009,12.3,2.837161770204454,21,6,1.3516483516483517,30.34,0,2025-08-24T21:54:45.549714+08:00,2025-08-24T21:54:45.551266+08:00
3.065,101.6009,3.0732,101.6076,10.019521219720307,11.05,2.8476705743744413,21,6,1.2142857142857144,30.34,0,2025-08-24T21:54:45.691975+08:00,2025-08-24T21:54:45.691975+08:00
3.065,101.6009,3.0732,101.6076,9.995903081324705,11.116666666666667,2.837161770204454,21,6,1.2216117216117217,30.34,0,2025-08-24T21:54:45.691975+08:00,2025-08-24T21:54:45.691975+08:00
3.065,101.6009,3.0732,101.6076,14.755105484461513,10.266666666666667,5.554907466351381,21,6,1.071304347826087,30.34,0,2025-08-24T21:54:45.691975+08:00,2025-08-24T21:54:45.691975+08:00
3.065,101.6009,3.0732,101.6076,13.702480909346727,13.25,2.8476705743744413,21,6,1.4560439560439562,30.34,0,2025-08-24T21:54:45.832929+08:00,2025-08-24T21:54:45.833962+08:00
3.065,101.6009,3.0732,101.6076,13.907187640616392,13.55,2.837161770204454,21,6,1.489010989010989,30.34,0,2025-08-24T21:54:45.832929+08:00,2025-08-24T21:54:45.834483+08:00
3.065,101.6009,3.0732,101.6076,14.353533049495734,13.983333333333333,3.7256812874983036,21,6,1.2907692307692307,30.34,0,2025-08-24T21:54:45.833448+08:00,2025-08-24T21:54:45.835038+08:00
3.065,101.6009,3.0732,101.6076,4.544414390038451,6.933333333333334,2.837161770204454,21,6,0.761904761904762,30.34,0,2025-08-24T21:54:45.978536+08:00,2025-08-24T21:54:45.978536+08:00
3.065,101.6009,3.0732,101.6076,4.6011446230754,7.033333333333333,2.8476705743744413,21,6,0.7728937728937729,30.34,0,2025-08-24T21:54:45.978536+08:00,2025-08-24T21:54:45.978536+08:00
3.065,101.6009,3.0732,101.6076,8.047060904525637,7.933333333333334,5.554907466351381,21,6,0.8278260869565217,30.34,0,2025-08-24T21:54:45.978536+08:00,2025-08-24T21:54:45.978536+08:00
3.065,101.6009,3.1579,101.7113,25.264357800581358,33.81666666666667,23.945688062812334,13,2,1.386876281613124,33.6,0,2025-08-27T13:06:43.712587+08:00,2025-08-27T13:06:43.712587+08:00
3.065,101.6009,3.1579,101.7113,25.530222328364847,34.083333333333336,25.89445277593923,13,2,1.2401455427531838,33.6,0,2025-08-27T13:06:43.712587+08:00,2025-08-27T13:06:43.712587+08:00
3.065,101.6009,3.1579,101.7113,24.94496160129038,39.583333333333336,24.37661832360678,13,2,1.340293453724605,33.6,0,2025-08-27T13:06:43.712587+08:00,2025-08-27T13:06:43.712587+08:00
3.065,101.6009,3.1579,101.7113,21.443428482935992,21.483333333333334,23.93525181678932,13,2,0.8810663021189338,33.6,0,2025-08-27T13:06:44.316326+08:00,2025-08-27T13:06:44.316326+08:00
3.065,101.6009,3.1579,101.7113,22.368849621429014,23.366666666666667,25.89445277593923,13,2,0.8502122498483929,33.6,0,2025-08-27T13:06:44.316326+08:00,2025-08-27T13:06:44.316326+08:00
3.065,101.6009,3.1579,101.7113,21.55709015650363,25.666666666666668,24.37661832360678,13,2,0.8690744920993227,33.6,0,2025-08-27T13:06:44.316326+08:00,2025-08-27T13:06:44.320600+08:00
3.065,101.6009,3.1579,101.7113,23.95905070501823,28.45,23.93525181678932,13,2,1.1667805878332194,33.6,0,2025-08-27T13:06:44.919185+08:00,2025-08-27T13:06:44.919185+08:00
3.065,101.6009,3.1579,101.7113,25.044560800250395,30.816666666666666,25.89445277593923,13,2,1.1212856276531231,33.6,0,2025-08-27T13:06:44.919185+08:00,2025-08-27T13:06:44.919185+08:00
3.065,101.6009,3.1579,101.7113,23.442755769223282,33.016666666666666,24.37661832360678,13,2,1.117945823927765,33.6,0,2025-08-27T13:06:44.919185+08:00,2025-08-27T13:06:44.919185+08:00
3.065,101.6009,3.1579,101.7113,21.211662013533953,23.083333333333332,23.93525181678932,13,2,0.9466848940533151,33.6,0,2025-08-27T13:06:45.637858+08:00,2025-08-27T13:06:45.637858+08:00
3.065,101.6009,3.1579,101.7113,22.537259656151374,25.733333333333334,25.89445277593923,13,2,0.9363250454821104,33.6,0,2025-08-27T13:06:45.637858+08:00,2025-08-27T13:06:45.654005+08:00
3.065,101.6009,3.1579,101.7113,21.350258570612066,27.65,24.37661832360678,13,2,0.9362302483069976,33.6,0,2025-08-27T13:06:45.637858+08:00,2025-08-27T13:06:45.654005+08:00
3.065,101.6009,3.1579,101.7113,26.261308944586585,30.716666666666665,23.945688062812334,13,2,1.2597402597402596,33.6,0,2025-08-27T13:06:46.241118+08:00,2025-08-27T13:06:46.241118+08:00
3.065,101.6009,3.1579,101.7113,26.89276494891988,32.65,25.89445277593923,13,2,1.1879927228623408,33.6,0,2025-08-27T13:06:46.241118+08:00,2025-08-27T13:06:46.241118+08:00
3.065,101.6009,3.1579,101.7113,25.49637163407088,34.93333333333333,24.37661832360678,13,2,1.1828442437923248,33.6,0,2025-08-27T13:06:46.241118+08:00,2025-08-27T13:06:46.241118+08:00
3.065,101.6009,3.1579,101.7113,22.253004406349504,25.766666666666666,23.93525181678932,13,2,1.0567327409432672,33.6,0,2025-08-27T13:06:46.876007+08:00,2025-08-27T13:06:46.876007+08:00
3.065,101.6009,3.1579,101.7113,23.35963598321235,28.383333333333333,25.89445277593923,13,2,1.0327471194663431,33.6,0,2025-08-27T13:06:46.876007+08:00,2025-08-27T13:06:46.876007+08:00
3.065,101.6009,3.1579,101.7113,22.43142661509525,30.95,24.37661832360678,13,2,1.0479683972911964,33.6,0,2025-08-27T13:06:46.876007+08:00,2025-08-27T13:06:46.880460+08:00
3.065,101.6009,3.1579,101.7113,34.74624219313281,50.733333333333334,23.945688062812334,13,2,2.0806561859193438,33.6,0,2025-08-27T13:06:47.426475+08:00,2025-08-27T13:06:47.428480+08:00
3.065,101.6009,3.1579,101.7113,36.491200586536195,50.8,25.89445277593923,13,2,1.848392965433596,33.6,0,2025-08-27T13:06:47.426475+08:00,2025-08-27T13:06:47.429485+08:00
3.065,101.6009,3.1579,101.7113,34.980992591469075,51.4,23.93525181678932,13,2,2.1079972658920028,33.6,0,2025-08-27T13:06:47.426475+08:00,2025-08-27T13:06:47.429789+08:00
3.065,101.6009,3.1579,101.7113,20.136450630956666,21.416666666666668,23.93525181678932,13,2,0.8783321941216679,33.6,0,2025-08-27T13:06:47.991298+08:00,2025-08-27T13:06:47.991298+08:00
3.065,101.6009,3.1579,101.7113,22.208845521820027,25.333333333333332,25.89445277593923,13,2,0.9217707701637355,33.6,0,2025-08-27T13:06:47.991298+08:00,2025-08-27T13:06:47.991298+08:00
3.065,101.6009,3.1579,101.7113,20.842884841607766,26.766666666666666,24.37661832360678,13,2,0.9063205417607223,33.6,0,2025-08-27T13:06:47.991298+08:00,2025-08-27T13:06:47.999569+08:00
3.065,101.6009,3.0732,101.6076,5.003620259537374,9.833333333333334,2.8476705743744413,13,2,1.0805860805860807,33.6,0,2025-08-27T13:06:48.509106+08:00,2025-08-27T13:06:48.509106+08:00
3.065,101.6009,3.0732,101.6076,5.097097488923302,10.016666666666667,2.837161770204454,13,2,1.1007326007326008,33.6,0,2025-08-27T13:06:48.509106+08:00,2025-08-27T13:06:48.509106+08:00
3.065,101.6009,3.0732,101.6076,5.588616681366705,10.783333333333333,3.7256812874983036,13,2,0.9953846153846153,33.6,0,2025-08-27T13:06:48.509106+08:00,2025-08-27T13:06:48.509106+08:00
3.065,101.6009,3.0732,101.6076,4.265504220731864,7.45,2.837161770204454,13,2,0.8186813186813188,33.6,0,2025-08-27T13:06:48.944983+08:00,2025-08-27T13:06:48.944983+08:00
3.065,101.6009,3.0732,101.6076,4.411212336585346,7.583333333333333,2.8476705743744413,13,2,0.8333333333333334,33.6,0,2025-08-27T13:06:48.944983+08:00,2025-08-27T13:06:48.944983+08:00
3.065,101.6009,3.0732,101.6076,6.957216638583188,7.6,5.554907466351381,13,2,0.7930434782608695,33.6,0,2025-08-27T13:06:48.944983+08:00,2025-08-27T13:06:48.944983+08:00
3.065,101.6009,3.0732,101.6076,6.019693720310691,10.766666666666667,2.8476705743744413,13,2,1.1831501831501834,33.6,0,2025-08-27T13:06:49.362106+08:00,2025-08-27T13:06:49.362106+08:00
3.065,101.6009,3.0732,101.6076,6.140718164430454,11.016666666666667,2.837161770204454,13,2,1.2106227106227108,33.6,0,2025-08-27T13:06:49.362106+08:00,2025-08-27T13:06:49.362106+08:00
3.065,101.6009,3.0732,101.6076,6.6516224159980935,11.866666666666667,3.7256812874983036,13,2,1.0953846153846154,33.6,0,2025-08-27T13:06:49.362106+08:00,2025-08-27T13:06:49.362106+08:00
3.065,101.6009,3.0732,101.6076,4.959469190073463,8.45,2.837161770204454,13,2,0.9285714285714285,33.6,0,2025-08-27T13:06:49.758427+08:00,2025-08-27T13:06:49.758427+08:00
3.065,101.6009,3.0732,101.6076,4.993538365190176,8.466666666666667,2.8476705743744413,13,2,0.9304029304029304,33.6,0,2025-08-27T13:06:49.758427+08:00,2025-08-27T13:06:49.758427+08:00
3.065,101.6009,3.0732,101.6076,6.236728908779612,10.05,3.7256812874983036,13,2,0.9276923076923077,33.6,0,2025-08-27T13:06:49.758427+08:00,2025-08-27T13:06:49.758427+08:00
3.065,101.6009,3.0732,101.6076,5.856812401806595,9.483333333333333,2.8476705743744413,13,2,1.042124542124542,33.6,0,2025-08-27T13:06:50.185237+08:00,2025-08-27T13:06:50.186314+08:00
3.065,101.6009,3.0732,101.6076,6.6564092770044745,10.533333333333333,3.7256812874983036,13,2,0.9723076923076922,33.6,0,2025-08-27T13:06:50.186314+08:00,2025-08-27T13:06:50.186314+08:00
3.065,101.6009,3.0732,101.6076,9.573334919244706,10.133333333333333,5.554907466351381,13,2,1.057391304347826,33.6,0,2025-08-27T13:06:50.186314+08:00,2025-08-27T13:06:50.186314+08:00
3.065,101.6009,3.0732,101.6076,5.721932505278765,9.4,2.837161770204454,13,2,1.032967032967033,33.6,0,2025-08-27T13:06:50.625260+08:00,2025-08-27T13:06:50.633760+08:00
3.065,101.6009,3.0732,101.6076,5.81868961843575,9.45,2.8476705743744413,13,2,1.0384615384615383,33.6,0,2025-08-27T13:06:50.625260+08:00,2025-08-27T13:06:50.633760+08:00
3.065,101.6009,3.0732,101.6076,7.153073543076195,11.25,3.7256812874983036,13,2,1.0384615384615383,33.6,0,2025-08-27T13:06:50.625260+08:00,2025-08-27T13:06:50.633760+08:00
3.065,101.6009,3.0732,101.6076,11.23011922340336,13.25,2.8476705743744413,13,2,1.4560439560439562,33.6,0,2025-08-27T13:06:51.015163+08:00,2025-08-27T13:06:51.030823+08:00
3.065,101.6009,3.0732,101.6076,11.497200322694397,13.55,2.837161770204454,13,2,1.489010989010989,33.6,0,2025-08-27T13:06:51.030823+08:00,2025-08-27T13:06:51.030823+08:00
3.065,101.6009,3.0732,101.6076,11.284418263485849,13.983333333333333,3.7256812874983036,13,2,1.2907692307692307,33.6,0,2025-08-27T13:06:51.030823+08:00,2025-08-27T13:06:51.030823+08:00
3.065,101.6009,3.0732,101.6076,2.930829054841011,6.633333333333334,2.837161770204454,13,2,0.728937728937729,33.6,0,2025-08-27T13:06:51.436966+08:00,2025-08-27T13:06:51.436966+08:00
3.065,101.6009,3.0732,101.6076,2.994489064453683,6.75,2.8476705743744413,13,2,0.7417582417582418,33.6,0,2025-08-27T13:06:51.436966+08:00,2025-08-27T13:06:51.445607+08:00
3.065,101.6009,3.0732,101.6076,4.22225312659458,9.083333333333334,3.7256812874983036,13,2,0.8384615384615385,33.6,0,2025-08-27T13:06:51.436966+08:00,2025-08-27T13:06:51.445607+08:00
3.065,101.6009,3.1579,101.7113,30.140741403061828,33.81666666666667,23.945688062812334,13,2,1.386876281613124,34,0,2025-08-27T13:20:52.155700+08:00,2025-08-27T13:20:52.155700+08:00
3.065,101.6009,3.1579,101.7113,27.568523700666702,34.083333333333336,25.89445277593923,13,2,1.2401455427531838,34,0,2025-08-27T13:20:52.155700+08:00,2025-08-27T13:20:52.156699+08:00
3.065,101.6009,3.1579,101.7113,29.197189445327528,39.583333333333336,24.37661832360678,13,2,1.340293453724605,34,0,2025-08-27T13:20:52.155700+08:00,2025-08-27T13:20:52.157699+08:00
3.065,101.6009,3.1579,101.7113,17.40436995300511,21.483333333333334,23.93525181678932,13,2,0.8810663021189338,34,0,2025-08-27T13:20:52.730602+08:00,2025-08-27T13:20:52.732000+08:00
3.065,101.6009,3.1579,101.7113,18.004218955282468,23.366666666666667,25.89445277593923,13,2,0.8502122498483929,34,0,2025-08-27T13:20:52.730602+08:00,2025-08-27T13:20:52.732000+08:00
3.065,101.6009,3.1579,101.7113,17.37650253238119,25.666666666666668,24.37661832360678,13,2,0.8690744920993227,34,0,2025-08-27T13:20:52.730602+08:00,2025-08-27T13:20:52.732000+08:00
3.065,101.6009,3.1579,101.7113,22.99475497241271,28.45,23.93525181678932,13,2,1.1667805878332194,34,0,2025-08-27T13:20:53.256437+08:00,2025-08-27T13:20:53.256437+08:00
3.065,101.6009,3.1579,101.7113,23.996527246756266,30.816666666666666,25.89445277593923,13,2,1.1212856276531231,34,0,2025-08-27T13:20:53.256437+08:00,2025-08-27T13:20:53.256437+08:00
3.065,101.6009,3.1579,101.7113,22.211857772749457,33.016666666666666,24.37661832360678,13,2,1.117945823927765,34,0,2025-08-27T13:20:53.256437+08:00,2025-08-27T13:20:53.256437+08:00
3.065,101.6009,3.1579,101.7113,18.788947686472103,23.083333333333332,23.93525181678932,13,2,0.9466848940533151,34,0,2025-08-27T13:20:53.828762+08:00,2025-08-27T13:20:53.829759+08:00
3.065,101.6009,3.1579,101.7113,20.216478714169483,25.733333333333334,25.89445277593923,13,2,0.9363250454821104,34,0,2025-08-27T13:20:53.828762+08:00,2025-08-27T13:20:53.830759+08:00
3.065,101.6009,3.1579,101.7113,18.931633445416505,27.65,24.37661832360678,13,2,0.9362302483069976,34,0,2025-08-27T13:20:53.828762+08:00,2025-08-27T13:20:53.831759+08:00
3.065,101.6009,3.1579,101.7113,25.722998792763637,31.85,23.945688062812334,13,2,1.30622009569378,34,0,2025-08-27T13:20:54.428622+08:00,2025-08-27T13:20:54.428622+08:00
3.065,101.6009,3.1579,101.7113,26.201883656702122,34.166666666666664,25.89445277593923,13,2,1.2431776834445116,34,0,2025-08-27T13:20:54.428622+08:00,2025-08-27T13:20:54.428622+08:00
3.065,101.6009,3.1579,101.7113,24.089898527568728,35.3,24.37661832360678,13,2,1.195259593679458,34,0,2025-08-27T13:20:54.428622+08:00,2025-08-27T13:20:54.428622+08:00
3.065,101.6009,3.1579,101.7113,21.682408798034682,25.766666666666666,23.93525181678932,13,2,1.0567327409432672,34,0,2025-08-27T13:20:55.003272+08:00,2025-08-27T13:20:55.003272+08:00
3.065,101.6009,3.1579,101.7113,22.99829289448729,28.383333333333333,25.89445277593923,13,2,1.0327471194663431,34,0,2025-08-27T13:20:55.003272+08:00,2025-08-27T13:20:55.003272+08:00
3.065,101.6009,3.1579,101.7113,21.8923302713282,30.95,24.37661832360678,13,2,1.0479683972911964,34,0,2025-08-27T13:20:55.003272+08:00,2025-08-27T13:20:55.003272+08:00
3.065,101.6009,3.1579,101.7113,41.138456479272975,50.733333333333334,23.945688062812334,13,2,2.0806561859193438,34,0,2025-08-27T13:20:55.552573+08:00,2025-08-27T13:20:55.553585+08:00
3.065,101.6009,3.1579,101.7113,40.99350275941844,50.8,25.89445277593923,13,2,1.848392965433596,34,0,2025-08-27T13:20:55.553079+08:00,2025-08-27T13:20:55.554594+08:00
3.065,101.6009,3.1579,101.7113,41.19233306424906,51.4,23.93525181678932,13,2,2.1079972658920028,34,0,2025-08-27T13:20:55.553079+08:00,2025-08-27T13:20:55.554594+08:00
3.065,101.6009,3.1579,101.7113,17.021652287716893,21.416666666666668,23.93525181678932,13,2,0.8783321941216679,34,0,2025-08-27T13:20:56.094175+08:00,2025-08-27T13:20:56.094175+08:00
3.065,101.6009,3.1579,101.7113,19.138347158645974,25.333333333333332,25.89445277593923,13,2,0.9217707701637355,34,0,2025-08-27T13:20:56.094175+08:00,2025-08-27T13:20:56.094175+08:00
3.065,101.6009,3.1579,101.7113,17.730646915762605,26.766666666666666,24.37661832360678,13,2,0.9063205417607223,34,0,2025-08-27T13:20:56.094175+08:00,2025-08-27T13:20:56.094175+08:00
3.065,101.6009,3.0732,101.6076,4.829520833831703,9.833333333333334,2.8476705743744413,13,2,1.0805860805860807,34,0,2025-08-27T13:20:56.524411+08:00,2025-08-27T13:20:56.524411+08:00
3.065,101.6009,3.0732,101.6076,4.872957147241498,10.016666666666667,2.837161770204454,13,2,1.1007326007326008,34,0,2025-08-27T13:20:56.524411+08:00,2025-08-27T13:20:56.524411+08:00
3.065,101.6009,3.0732,101.6076,5.306579817115779,10.783333333333333,3.7256812874983036,13,2,0.9953846153846153,34,0,2025-08-27T13:20:56.524411+08:00,2025-08-27T13:20:56.524411+08:00
3.065,101.6009,3.0732,101.6076,4.727604389836478,7.45,2.837161770204454,13,2,0.8186813186813188,34,0,2025-08-27T13:20:56.911612+08:00,2025-08-27T13:20:56.911612+08:00
3.065,101.6009,3.0732,101.6076,4.788936404657003,7.583333333333333,2.8476705743744413,13,2,0.8333333333333334,34,0,2025-08-27T13:20:56.911612+08:00,2025-08-27T13:20:56.911612+08:00
3.065,101.6009,3.0732,101.6076,6.3174484801858215,7.6,5.554907466351381,13,2,0.7930434782608695,34,0,2025-08-27T13:20:56.911612+08:00,2025-08-27T13:20:56.917607+08:00
3.065,101.6009,3.0732,101.6076,5.353750486135998,10.766666666666667,2.8476705743744413,13,2,1.1831501831501834,34,0,2025-08-27T13:20:57.313696+08:00,2025-08-27T13:20:57.313696+08:00
3.065,101.6009,3.0732,101.6076,5.418671796737071,11.016666666666667,2.837161770204454,13,2,1.2106227106227108,34,0,2025-08-27T13:20:57.313696+08:00,2025-08-27T13:20:57.315441+08:00
3.065,101.6009,3.0732,101.6076,6.148101455845627,11.866666666666667,3.7256812874983036,13,2,1.0953846153846154,34,0,2025-08-27T13:20:57.313696+08:00,2025-08-27T13:20:57.315441+08:00
3.065,101.6009,3.0732,101.6076,4.565331937097042,8.45,2.837161770204454,13,2,0.9285714285714285,34,0,2025-08-27T13:20:57.721642+08:00,2025-08-27T13:20:57.723651+08:00
3.065,101.6009,3.0732,101.6076,4.590896100558525,8.466666666666667,2.8476705743744413,13,2,0.9304029304029304,34,0,2025-08-27T13:20:57.721642+08:00,2025-08-27T13:20:57.723651+08:00
3.065,101.6009,3.0732,101.6076,5.536410480389424,10.05,3.7256812874983036,13,2,0.9276923076923077,34,0,2025-08-27T13:20:57.721642+08:00,2025-08-27T13:20:57.723651+08:00
3.065,101.6009,3.0732,101.6076,5.668250172511037,9.516666666666667,2.8476705743744413,13,2,1.0457875457875458,34,0,2025-08-27T13:20:58.119736+08:00,2025-08-27T13:20:58.119736+08:00
3.065,101.6009,3.0732,101.6076,6.658642287956367,10.683333333333334,3.7256812874983036,13,2,0.9861538461538462,34,0,2025-08-27T13:20:58.119736+08:00,2025-08-27T13:20:58.119736+08:00
3.065,101.6009,3.0732,101.6076,8.380756715952169,10.383333333333333,5.554907466351381,13,2,1.083478260869565,34,0,2025-08-27T13:20:58.119736+08:00,2025-08-27T13:20:58.119736+08:00
3.065,101.6009,3.0732,101.6076,4.859901900024425,9.4,2.837161770204454,13,2,1.032967032967033,34,0,2025-08-27T13:20:58.520456+08:00,2025-08-27T13:20:58.520456+08:00
3.065,101.6009,3.0732,101.6076,4.909543817638247,9.45,2.8476705743744413,13,2,1.0384615384615383,34,0,2025-08-27T13:20:58.520456+08:00,2025-08-27T13:20:58.520456+08:00
3.065,101.6009,3.0732,101.6076,6.0575758479189314,11.25,3.7256812874983036,13,2,1.0384615384615383,34,0,2025-08-27T13:20:58.520456+08:00,2025-08-27T13:20:58.520456+08:00
3.065,101.6009,3.0732,101.6076,9.465107535226705,13.25,2.8476705743744413,13,2,1.4560439560439562,34,0,2025-08-27T13:20:58.913194+08:00,2025-08-27T13:20:58.917168+08:00
3.065,101.6009,3.0732,101.6076,9.694908484246394,13.55,2.837161770204454,13,2,1.489010989010989,34,0,2025-08-27T13:20:58.913194+08:00,2025-08-27T13:20:58.917168+08:00
3.065,101.6009,3.0732,101.6076,8.690279835604032,13.983333333333333,3.7256812874983036,13,2,1.2907692307692307,34,0,2025-08-27T13:20:58.917168+08:00,2025-08-27T13:20:58.917168+08:00
3.065,101.6009,3.0732,101.6076,3.6789652918119558,6.633333333333334,2.837161770204454,13,2,0.728937728937729,34,0,2025-08-27T13:20:59.351301+08:00,2025-08-27T13:20:59.351301+08:00
3.065,101.6009,3.0732,101.6076,3.7013858624370455,6.75,2.8476705743744413,13,2,0.7417582417582418,34,0,2025-08-27T13:20:59.351301+08:00,2025-08-27T13:20:59.351301+08:00
3.065,101.6009,3.0732,101.6076,4.2369193142169905,9.083333333333334,3.7256812874983036,13,2,0.8384615384615385,34,0,2025-08-27T13:20:59.351301+08:00,2025-08-27T13:20:59.351301+08:00
3.065,101.6009,3.1579,101.7113,27.50017710424866,33.81666666666667,23.945688062812334,13,2,1.386876281613124,33.46,0,2025-08-27T13:41:27.568657+08:00,2025-08-27T13:41:27.569864+08:00
3.065,101.6009,3.1579,101.7113,25.240495189729618,34.083333333333336,25.89445277593923,13,2,1.2401455427531838,33.46,0,2025-08-27T13:41:27.568657+08:00,2025-08-27T13:41:27.571907+08:00
3.065,101.6009,3.1579,101.7113,26.773332675158862,39.583333333333336,24.37661832360678,13,2,1.340293453724605,33.46,0,2025-08-27T13:41:27.569864+08:00,2025-08-27T13:41:27.572439+08:00
3.065,101.6009,3.1579,101.7113,17.59840873033182,21.483333333333334,23.93525181678932,13,2,0.8810663021189338,33.46,0,2025-08-27T13:41:28.125331+08:00,2025-08-27T13:41:28.131253+08:00
3.065,101.6009,3.1579,101.7113,18.224051890024214,23.366666666666667,25.89445277593923,13,2,0.8502122498483929,33.46,0,2025-08-27T13:41:28.125331+08:00,2025-08-27T13:41:28.131253+08:00
3.065,101.6009,3.1579,101.7113,17.633596958480094,25.666666666666668,24.37661832360678,13,2,0.8690744920993227,33.46,0,2025-08-27T13:41:28.130544+08:00,2025-08-27T13:41:28.131253+08:00
3.065,101.6009,3.1579,101.7113,22.69880535495653,28.45,23.93525181678932,13,2,1.1667805878332194,33.46,0,2025-08-27T13:41:28.739468+08:00,2025-08-27T13:41:28.755492+08:00
3.065,101.6009,3.1579,101.7113,23.584062100833936,30.816666666666666,25.89445277593923,13,2,1.1212856276531231,33.46,0,2025-08-27T13:41:28.739468+08:00,2025-08-27T13:41:28.755492+08:00
3.065,101.6009,3.1579,101.7113,22.28966627855937,33.016666666666666,24.37661832360678,13,2,1.117945823927765,33.46,0,2025-08-27T13:41:28.739468+08:00,2025-08-27T13:41:28.755492+08:00
3.065,101.6009,3.1579,101.7113,19.324736368667637,23.083333333333332,23.93525181678932,13,2,0.9466848940533151,33.46,0,2025-08-27T13:41:29.341802+08:00,2025-08-27T13:41:29.341802+08:00
3.065,101.6009,3.1579,101.7113,20.48903410102024,25.733333333333334,25.89445277593923,13,2,0.9363250454821104,33.46,0,2025-08-27T13:41:29.341802+08:00,2025-08-27T13:41:29.341802+08:00
3.065,101.6009,3.1579,101.7113,19.397765500597423,27.65,24.37661832360678,13,2,0.9362302483069976,33.46,0,2025-08-27T13:41:29.341802+08:00,2025-08-27T13:41:29.341802+08:00
3.065,101.6009,3.1579,101.7113,28.342236726183224,31.466666666666665,23.945688062812334,13,2,1.290498974709501,33.46,0,2025-08-27T13:41:30.052005+08:00,2025-08-27T13:41:30.052005+08:00
3.065,101.6009,3.1579,101.7113,27.686827624445616,33.68333333333333,25.89445277593923,13,2,1.2255912674348088,33.46,0,2025-08-27T13:41:30.052005+08:00,2025-08-27T13:41:30.059918+08:00
3.065,101.6009,3.1579,101.7113,26.181852567106503,35.86666666666667,24.37661832360678,13,2,1.2144469525959367,33.46,0,2025-08-27T13:41:30.052005+08:00,2025-08-27T13:41:30.059918+08:00
3.065,101.6009,3.1579,101.7113,22.197868471145526,25.766666666666666,23.93525181678932,13,2,1.0567327409432672,33.46,0,2025-08-27T13:41:30.689230+08:00,2025-08-27T13:41:30.691335+08:00
3.065,101.6009,3.1579,101.7113,23.451187896957205,28.383333333333333,25.89445277593923,13,2,1.0327471194663431,33.46,0,2025-08-27T13:41:30.691335+08:00,2025-08-27T13:41:30.693374+08:00
3.065,101.6009,3.1579,101.7113,22.394611944831595,30.95,24.37661832360678,13,2,1.0479683972911964,33.46,0,2025-08-27T13:41:30.691335+08:00,2025-08-27T13:41:30.693374+08:00
3.065,101.6009,3.1579,101.7113,40.71968127120426,50.733333333333334,23.945688062812334,13,2,2.0806561859193438,33.46,0,2025-08-27T13:41:31.314654+08:00,2025-08-27T13:41:31.316563+08:00
3.065,101.6009,3.1579,101.7113,39.19045368334266,50.8,25.89445277593923,13,2,1.848392965433596,33.46,0,2025-08-27T13:41:31.316563+08:00,2025-08-27T13:41:31.316563+08:00
3.065,101.6009,3.1579,101.7113,41.20584822378207,51.4,23.93525181678932,13,2,2.1079972658920028,33.46,0,2025-08-27T13:41:31.316563+08:00,2025-08-27T13:41:31.320647+08:00
3.065,101.6009,3.1579,101.7113,16.46548132880721,21.416666666666668,23.93525181678932,13,2,0.8783321941216679,33.46,0,2025-08-27T13:41:31.921204+08:00,2025-08-27T13:41:31.921204+08:00
3.065,101.6009,3.1579,101.7113,18.41440310617428,25.333333333333332,25.89445277593923,13,2,0.9217707701637355,33.46,0,2025-08-27T13:41:31.921204+08:00,2025-08-27T13:41:31.925392+08:00
3.065,101.6009,3.1579,101.7113,17.189664803371993,26.766666666666666,24.37661832360678,13,2,0.9063205417607223,33.46,0,2025-08-27T13:41:31.921204+08:00,2025-08-27T13:41:31.925392+08:00
3.065,101.6009,3.0732,101.6076,6.557480676235283,9.833333333333334,2.8476705743744413,13,2,1.0805860805860807,33.46,0,2025-08-27T13:41:32.361313+08:00,2025-08-27T13:41:32.376999+08:00
3.065,101.6009,3.0732,101.6076,6.63294481533978,10.016666666666667,2.837161770204454,13,2,1.1007326007326008,33.46,0,2025-08-27T13:41:32.361313+08:00,2025-08-27T13:41:32.379428+08:00
3.065,101.6009,3.0732,101.6076,6.684800982754773,10.783333333333333,3.7256812874983036,13,2,0.9953846153846153,33.46,0,2025-08-27T13:41:32.361313+08:00,2025-08-27T13:41:32.379428+08:00
3.065,101.6009,3.0732,101.6076,3.691528404762045,7.45,2.837161770204454,13,2,0.8186813186813188,33.46,0,2025-08-27T13:41:32.825755+08:00,2025-08-27T13:41:32.826375+08:00
3.065,101.6009,3.0732,101.6076,4.05446831264579,7.583333333333333,2.8476705743744413,13,2,0.8333333333333334,33.46,0,2025-08-27T13:41:32.826375+08:00,2025-08-27T13:41:32.828569+08:00
3.065,101.6009,3.0732,101.6076,7.129948353917474,7.6,5.554907466351381,13,2,0.7930434782608695,33.46,0,2025-08-27T13:41:32.826375+08:00,2025-08-27T13:41:32.828569+08:00
3.065,101.6009,3.0732,101.6076,6.879936518483003,10.766666666666667,2.8476705743744413,13,2,1.1831501831501834,33.46,0,2025-08-27T13:41:33.350002+08:00,2025-08-27T13:41:33.350002+08:00
3.065,101.6009,3.0732,101.6076,6.880502739966263,11.016666666666667,2.837161770204454,13,2,1.2106227106227108,33.46,0,2025-08-27T13:41:33.350002+08:00,2025-08-27T13:41:33.352013+08:00
3.065,101.6009,3.0732,101.6076,8.034389345419605,11.866666666666667,3.7256812874983036,13,2,1.0953846153846154,33.46,0,2025-08-27T13:41:33.350002+08:00,2025-08-27T13:41:33.352013+08:00
3.065,101.6009,3.0732,101.6076,5.043158926474181,8.45,2.837161770204454,13,2,0.9285714285714285,33.46,0,2025-08-27T13:41:33.811700+08:00,2025-08-27T13:41:33.813463+08:00
3.065,101.6009,3.0732,101.6076,5.091203666261342,8.466666666666667,2.8476705743744413,13,2,0.9304029304029304,33.46,0,2025-08-27T13:41:33.812385+08:00,2025-08-27T13:41:33.814108+08:00
3.065,101.6009,3.0732,101.6076,6.720358345498104,10.05,3.7256812874983036,13,2,0.9276923076923077,33.46,0,2025-08-27T13:41:33.812385+08:00,2025-08-27T13:41:33.814850+08:00
3.065,101.6009,3.0732,101.6076,7.403312839651104,9.583333333333334,2.8476705743744413,13,2,1.0531135531135531,33.46,0,2025-08-27T13:41:34.202493+08:00,2025-08-27T13:41:34.202493+08:00
3.065,101.6009,3.0732,101.6076,8.912637475990362,10.833333333333334,3.7256812874983036,13,2,1.0,33.46,0,2025-08-27T13:41:34.202493+08:00,2025-08-27T13:41:34.212827+08:00
3.065,101.6009,3.0732,101.6076,10.94295846045204,10.266666666666667,5.554907466351381,13,2,1.071304347826087,33.46,0,2025-08-27T13:41:34.202493+08:00,2025-08-27T13:41:34.212827+08:00
3.065,101.6009,3.0732,101.6076,6.201541879521142,9.4,2.837161770204454,13,2,1.032967032967033,33.46,0,2025-08-27T13:41:34.622183+08:00,2025-08-27T13:41:34.625072+08:00
3.065,101.6009,3.0732,101.6076,6.233175978201354,9.45,2.8476705743744413,13,2,1.0384615384615383,33.46,0,2025-08-27T13:41:34.624197+08:00,2025-08-27T13:41:34.625072+08:00
3.065,101.6009,3.0732,101.6076,7.493715279670152,11.25,3.7256812874983036,13,2,1.0384615384615383,33.46,0,2025-08-27T13:41:34.625072+08:00,2025-08-27T13:41:34.625072+08:00
3.065,101.6009,3.0732,101.6076,13.079829752096565,13.25,2.8476705743744413,13,2,1.4560439560439562,33.46,0,2025-08-27T13:41:35.036650+08:00,2025-08-27T13:41:35.036650+08:00
3.065,101.6009,3.0732,101.6076,13.314125716560943,13.55,2.837161770204454,13,2,1.489010989010989,33.46,0,2025-08-27T13:41:35.036650+08:00,2025-08-27T13:41:35.036650+08:00
3.065,101.6009,3.0732,101.6076,13.30916576577204,13.983333333333333,3.7256812874983036,13,2,1.2907692307692307,33.46,0,2025-08-27T13:41:35.036650+08:00,2025-08-27T13:41:35.036650+08:00
3.065,101.6009,3.0732,101.6076,3.158911823558464,6.633333333333334,2.837161770204454,13,2,0.728937728937729,33.46,0,2025-08-27T13:41:35.431069+08:00,2025-08-27T13:41:35.435193+08:00
3.065,101.6009,3.0732,101.6076,3.394357882544557,6.75,2.8476705743744413,13,2,0.7417582417582418,33.46,0,2025-08-27T13:41:35.431069+08:00,2025-08-27T13:41:35.435193+08:00
3.065,101.6009,3.0732,101.6076,5.506655384937769,9.083333333333334,3.7256812874983036,13,2,0.8384615384615385,33.46,0,2025-08-27T13:41:35.431069+08:00,2025-08-27T13:41:35.437202+08:00
3.065,101.6009,3.1579,101.7113,41.70480500762304,33.75,23.93525181678932,13,3,1.384142173615858,20.76,0,2025-08-28T13:18:48.093743+08:00,2025-08-28T13:18:48.095232+08:00
3.065,101.6009,3.1579,101.7113,39.99234170965617,34.766666666666666,25.89445277593923,13,3,1.265009096422074,20.76,0,2025-08-28T13:18:48.094215+08:00,2025-08-28T13:18:48.097205+08:00
3.065,101.6009,3.1579,101.7113,41.239429852868405,39.45,23.55095826685941,13,3,1.5460483344219467,20.76,0,2025-08-28T13:18:48.094215+08:00,2025-08-28T13:18:48.100343+08:00
3.065,101.6009,3.1579,101.7113,31.601680013710563,22.183333333333334,23.93525181678932,13,3,0.9097744360902256,20.76,0,2025-08-28T13:18:48.661918+08:00,2025-08-28T13:18:48.661918+08:00
3.065,101.6009,3.1579,101.7113,30.618365181495736,22.266666666666666,23.55095826685941,13,3,0.8726322664924886,20.76,0,2025-08-28T13:18:48.661918+08:00,2025-08-28T13:18:48.662810+08:00
3.065,101.6009,3.1579,101.7113,31.545310940169905,24.066666666666666,25.89445277593923,13,3,0.8756822316555488,20.76,0,2025-08-28T13:18:48.661918+08:00,2025-08-28T13:18:48.662810+08:00
3.065,101.6009,3.1579,101.7113,37.123582067874075,30.316666666666666,23.945688062812334,13,3,1.2433356117566643,20.76,0,2025-08-28T13:18:49.204432+08:00,2025-08-28T13:18:49.205438+08:00
3.065,101.6009,3.1579,101.7113,36.80012604491765,32.45,25.89445277593923,13,3,1.1807155852031535,20.76,0,2025-08-28T13:18:49.204432+08:00,2025-08-28T13:18:49.206439+08:00
3.065,101.6009,3.1579,101.7113,39.34954035271234,35.21666666666667,23.55095826685941,13,3,1.380143696930111,20.76,0,2025-08-28T13:18:49.205438+08:00,2025-08-28T13:18:49.207440+08:00
3.065,101.6009,3.1579,101.7113,33.86938261600768,23.633333333333333,23.945688062812334,13,3,0.9692412850307587,20.76,0,2025-08-28T13:18:49.775461+08:00,2025-08-28T13:18:49.776461+08:00
3.065,101.6009,3.1579,101.7113,34.940810222165716,26.316666666666666,25.89445277593923,13,3,0.9575500303214068,20.76,0,2025-08-28T13:18:49.775461+08:00,2025-08-28T13:18:49.776461+08:00
3.065,101.6009,3.1579,101.7113,32.82474718623166,26.2,23.55095826685941,13,3,1.0267798824297845,20.76,0,2025-08-28T13:18:49.775461+08:00,2025-08-28T13:18:49.777465+08:00
3.065,101.6009,3.1579,101.7113,35.59325348857992,30.05,23.945688062812334,13,3,1.2323991797676008,20.76,0,2025-08-28T13:18:50.334446+08:00,2025-08-28T13:18:50.336371+08:00
3.065,101.6009,3.1579,101.7113,35.52571257787426,31.916666666666668,25.89445277593923,13,3,1.1613098847786538,20.76,0,2025-08-28T13:18:50.334446+08:00,2025-08-28T13:18:50.337366+08:00
3.065,101.6009,3.1579,101.7113,36.759973965097636,33.483333333333334,23.55095826685941,13,3,1.3122142390594385,20.76,0,2025-08-28T13:18:50.334446+08:00,2025-08-28T13:18:50.338440+08:00
3.065,101.6009,3.1579,101.7113,33.92971678837682,26.15,23.93525181678932,13,3,1.072453861927546,20.76,0,2025-08-28T13:18:50.971467+08:00,2025-08-28T13:18:50.972461+08:00
3.065,101.6009,3.1579,101.7113,35.48073273082932,28.716666666666665,25.89445277593923,13,3,1.0448756822316554,20.76,0,2025-08-28T13:18:50.971467+08:00,2025-08-28T13:18:50.972461+08:00
3.065,101.6009,3.1579,101.7113,33.03712808962918,28.566666666666666,23.55095826685941,13,3,1.1195297191378184,20.76,0,2025-08-28T13:18:50.971467+08:00,2025-08-28T13:18:50.973970+08:00
3.065,101.6009,3.1579,101.7113,40.588101066123535,50.06666666666667,23.945688062812334,13,3,2.053315105946685,20.76,0,2025-08-28T13:18:51.708612+08:00,2025-08-28T13:18:51.709625+08:00
3.065,101.6009,3.1579,101.7113,47.87895348470071,50.31666666666667,25.89445277593923,13,3,1.8308065494238934,20.76,0,2025-08-28T13:18:51.708992+08:00,2025-08-28T13:18:51.710627+08:00
3.065,101.6009,3.1579,101.7113,40.21664785039917,50.4,23.93525181678932,13,3,2.0669856459330145,20.76,0,2025-08-28T13:18:51.708992+08:00,2025-08-28T13:18:51.711626+08:00
3.065,101.6009,3.1579,101.7113,30.419825843770933,22.666666666666668,23.93525181678932,13,3,0.9295967190704033,20.76,0,2025-08-28T13:18:52.234834+08:00,2025-08-28T13:18:52.235373+08:00
3.065,101.6009,3.1579,101.7113,28.748922433961106,22.35,23.55095826685941,13,3,0.875898105813194,20.76,0,2025-08-28T13:18:52.234834+08:00,2025-08-28T13:18:52.235964+08:00
3.065,101.6009,3.1579,101.7113,31.223802023325113,25.483333333333334,25.89445277593923,13,3,0.9272286234081262,20.76,0,2025-08-28T13:18:52.234834+08:00,2025-08-28T13:18:52.236487+08:00
3.065,101.6009,3.0732,101.6076,13.324589075686353,9.483333333333333,2.8476705743744413,13,3,1.042124542124542,20.76,0,2025-08-28T13:18:52.703192+08:00,2025-08-28T13:18:52.704196+08:00
3.065,101.6009,3.0732,101.6076,13.44911098568302,9.566666666666666,2.837161770204454,13,3,1.0512820512820513,20.76,0,2025-08-28T13:18:52.704196+08:00,2025-08-28T13:18:52.705197+08:00
3.065,101.6009,3.0732,101.6076,15.634919023474637,10.266666666666667,3.7256812874983036,13,3,0.9476923076923077,20.76,0,2025-08-28T13:18:52.704196+08:00,2025-08-28T13:18:52.705197+08:00
3.065,101.6009,3.0732,101.6076,8.93782387354925,7.55,2.837161770204454,13,3,0.8296703296703297,20.76,0,2025-08-28T13:18:53.185492+08:00,2025-08-28T13:18:53.186486+08:00
3.065,101.6009,3.0732,101.6076,9.419664798456214,7.65,2.8476705743744413,13,3,0.8406593406593408,20.76,0,2025-08-28T13:18:53.186486+08:00,2025-08-28T13:18:53.187490+08:00
3.065,101.6009,3.0732,101.6076,16.128148167557274,7.75,5.554907466351381,13,3,0.808695652173913,20.76,0,2025-08-28T13:18:53.186486+08:00,2025-08-28T13:18:53.188489+08:00
3.065,101.6009,3.0732,101.6076,14.180451768900461,10.75,2.8476705743744413,13,3,1.1813186813186813,20.76,0,2025-08-28T13:18:53.730574+08:00,2025-08-28T13:18:53.731320+08:00
3.065,101.6009,3.0732,101.6076,14.303591570351028,10.85,2.837161770204454,13,3,1.1923076923076923,20.76,0,2025-08-28T13:18:53.730574+08:00,2025-08-28T13:18:53.731320+08:00
3.065,101.6009,3.0732,101.6076,16.64876644377476,11.533333333333333,3.7256812874983036,13,3,1.0646153846153845,20.76,0,2025-08-28T13:18:53.730574+08:00,2025-08-28T13:18:53.732434+08:00
3.065,101.6009,3.0732,101.6076,9.987041247909417,8.266666666666667,2.837161770204454,13,3,0.9084249084249085,20.76,0,2025-08-28T13:18:54.224372+08:00,2025-08-28T13:18:54.224950+08:00
3.065,101.6009,3.0732,101.6076,10.127033949870192,8.3,2.8476705743744413,13,3,0.9120879120879122,20.76,0,2025-08-28T13:18:54.224372+08:00,2025-08-28T13:18:54.226469+08:00
3.065,101.6009,3.0732,101.6076,12.547734018212072,10.0,3.7256812874983036,13,3,0.923076923076923,20.76,0,2025-08-28T13:18:54.224950+08:00,2025-08-28T13:18:54.226469+08:00
3.065,101.6009,3.0732,101.6076,13.38040973813515,10.816666666666666,2.8476705743744413,13,3,1.1886446886446886,20.76,0,2025-08-28T13:18:54.728956+08:00,2025-08-28T13:18:54.730951+08:00
3.065,101.6009,3.0732,101.6076,13.453395054431486,10.9,2.837161770204454,13,3,1.197802197802198,20.76,0,2025-08-28T13:18:54.728956+08:00,2025-08-28T13:18:54.731952+08:00
3.065,101.6009,3.0732,101.6076,21.49919282715249,10.3,5.554907466351381,13,3,1.0747826086956522,20.76,0,2025-08-28T13:18:54.729950+08:00,2025-08-28T13:18:54.732949+08:00
3.065,101.6009,3.0732,101.6076,11.281753179793492,9.116666666666667,2.837161770204454,13,3,1.0018315018315018,20.76,0,2025-08-28T13:18:55.236593+08:00,2025-08-28T13:18:55.239593+08:00
3.065,101.6009,3.0732,101.6076,11.299003345306634,9.166666666666666,2.8476705743744413,13,3,1.0073260073260073,20.76,0,2025-08-28T13:18:55.238594+08:00,2025-08-28T13:18:55.243103+08:00
3.065,101.6009,3.0732,101.6076,13.350910874008301,11.016666666666667,3.7256812874983036,13,3,1.016923076923077,20.76,0,2025-08-28T13:18:55.238594+08:00,2025-08-28T13:18:55.246916+08:00
3.065,101.6009,3.0732,101.6076,15.25545807941769,12.733333333333333,2.8476705743744413,13,3,1.3992673992673992,20.76,0,2025-08-28T13:18:55.720588+08:00,2025-08-28T13:18:55.720588+08:00
3.065,101.6009,3.0732,101.6076,15.457166024609169,13.2,2.837161770204454,13,3,1.4505494505494505,20.76,0,2025-08-28T13:18:55.720588+08:00,2025-08-28T13:18:55.722823+08:00
3.065,101.6009,3.0732,101.6076,17.925334467157988,13.516666666666667,3.7256812874983036,13,3,1.2476923076923077,20.76,0,2025-08-28T13:18:55.720588+08:00,2025-08-28T13:18:55.722823+08:00
3.065,101.6009,3.0732,101.6076,10.256826266165158,6.866666666666666,2.837161770204454,13,3,0.7545787545787546,20.76,0,2025-08-28T13:18:56.172972+08:00,2025-08-28T13:18:56.173857+08:00
3.065,101.6009,3.0732,101.6076,10.407113571915435,6.966666666666667,2.8476705743744413,13,3,0.7655677655677656,20.76,0,2025-08-28T13:18:56.172972+08:00,2025-08-28T13:18:56.173857+08:00
3.065,101.6009,3.0732,101.6076,16.353977008915912,7.983333333333333,5.554907466351381,13,3,0.8330434782608696,20.76,0,2025-08-28T13:18:56.172972+08:00,2025-08-28T13:18:56.174858+08:00
